,id,name,type,frameType,desc,pend_desc,monster_desc,atk,def,level,race,attribute,archetype,linkval,linkmarkers__001,linkmarkers__002,linkmarkers__003,linkmarkers__004,linkmarkers__005,linkmarkers__006,scale,ygoprodeck_url,card_sets__set_name,card_sets__set_code,card_sets__set_rarity,card_sets__set_rarity_code,card_sets__set_price,banlist_info__ban_tcg,banlist_info__ban_ocg,card_images__id,card_images__image_url,card_images__image_url_small,card_images__image_url_cropped,card_prices__cardmarket_price,card_prices__tcgplayer_price,card_prices__ebay_price,card_prices__amazon_price,card_prices__coolstuffinc_price
0,44553392,"A Shattered, Colorless Realm",Trap Card,trap,"If ""Vicious Astraloud"" is on the field: Target 1 card on the field; destroy it, then, if the destroyed card's original name was ""Vicious Astraloud"", you can Special Summon 1 of your banished ""Visas Starfrost"", or if it was not, you can make 1 ""Vicious Astraloud"" you control gain 1500 ATK.",,,,,,Normal,,,,,,,,,,,https://ygoprodeck.com/card/a-shattered-colorless-realm-13687,Cyberstorm Access,CYAC-EN074,Common,(C),0,,,44553392,https://images.ygoprodeck.com/images/cards/44553392.jpg,https://images.ygoprodeck.com/images/cards_small/44553392.jpg,https://images.ygoprodeck.com/images/cards_cropped/44553392.jpg,0.08,0.03,0.0,0.0,0.49
1,15464375,Adularia of the June Moon,Effect Monster,effect,"If you control a face-up card in your Spell & Trap Zone, you can Special Summon this card (from your hand). You can only Special Summon ""Adularia of the June Moon"" once per turn this way. Gains 600 ATK/DEF for each face-up Spell/Trap on the field. You can send 2 face-up cards from your Spell & Trap Zone to the GY; send 1 Level 4 or lower monster from your Deck to the GY. You can only use this effect of ""Adularia of the June Moon"" once per turn.",,,1000.0,1000.0,5.0,Spellcaster,WATER,,,,,,,,,,https://ygoprodeck.com/card/adularia-of-the-june-moon-13303,Cyberstorm Access,CYAC-EN095,Super Rare,(SR),0,,,15464375,https://images.ygoprodeck.com/images/cards/15464375.jpg,https://images.ygoprodeck.com/images/cards_small/15464375.jpg,https://images.ygoprodeck.com/images/cards_cropped/15464375.jpg,0.18,0.16,6.5,0.83,0.49
2,38811586,Albion the Sanctifire Dragon,Fusion Monster,fusion,"""Fallen of Albaz"" + 1 LIGHT Spellcaster monster\r\nCannot be used as Fusion Material. Your opponent cannot target this card with card effects. You can only use each of the following effects of ""Albion the Sanctifire Dragon"" once per turn. During your opponent's turn (Quick Effect): You can target 2 monsters in any GY(s); Special Summon both monsters, 1 to each field. If this card is in your GY: You can Tribute 4 monsters, the 2 in the Extra Monster Zones and the 2 in the central Main Monster Zones, and if you do, Special Summon this card.",,,3000.0,2500.0,8.0,Dragon,LIGHT,Albaz Dragon,,,,,,,,,https://ygoprodeck.com/card/albion-the-sanctifire-dragon-13689,Cyberstorm Access,CYAC-EN035,Secret Rare,(ScR),0,,,38811586,https://images.ygoprodeck.com/images/cards/38811586.jpg,https://images.ygoprodeck.com/images/cards_small/38811586.jpg,https://images.ygoprodeck.com/images/cards_cropped/38811586.jpg,17.44,22.86,17.97,0.0,29.99
3,31600845,Amazement Abomination Arlekino,Effect Monster,effect,"If you control an ""Amazement"" monster: You can Special Summon this card from your hand, then you can add 1 ""Amazement Family Faces"" from your Deck or GY to your hand. During your opponent's turn (Quick Effect): You can target 1 other Effect Monster on the field with more than 0 ATK; shuffle this card into the Deck, and if you do, Special Summon 1 ""Amazement Administrator Arlekino"" from your Deck, then change the ATK of the targeted monster to 0. You can only use each effect of ""Amazement Abomination Arlekino"" once per turn.",,,2600.0,2200.0,7.0,Psychic,LIGHT,Amazement,,,,,,,,,https://ygoprodeck.com/card/amazement-abomination-arlekino-13681,Cyberstorm Access,CYAC-EN023,Common,(C),0,,,31600845,https://images.ygoprodeck.com/images/cards/31600845.jpg,https://images.ygoprodeck.com/images/cards_small/31600845.jpg,https://images.ygoprodeck.com/images/cards_cropped/31600845.jpg,0.06,0.08,0.0,0.0,0.25
4,62967433,Baromet the Sacred Sheep Shrub,XYZ Monster,xyz,"2+ Level 4 monsters\r\nYou can detach 1 material from this card, then target 1 Normal Trap in your GY; place it on the bottom of the Deck, then draw 1 card. If a Normal Trap Card is activated (except during the Damage Step): You can detach 1 material from an Xyz Monster you control, and if you do, Special Summon 1 Level 4 monster from your hand. You can only use each effect of ""Baromet the Sacred Sheep Shrub"" once per turn.",,,1900.0,2000.0,4.0,Plant,EARTH,,,,,,,,,,https://ygoprodeck.com/card/baromet-the-sacred-sheep-shrub-13607,Cyberstorm Access,CYAC-EN097,Super Rare,(SR),0,,,62967433,https://images.ygoprodeck.com/images/cards/62967433.jpg,https://images.ygoprodeck.com/images/cards_small/62967433.jpg,https://images.ygoprodeck.com/images/cards_cropped/62967433.jpg,0.23,0.15,0.99,0.0,0.49
5,91300233,Beetrooper Cruel Saturnas,Fusion Monster,fusion,"1 ""Beetrooper"" monster + 1 Insect monster\r\nYou cannot Special Summon monsters, except Insect monsters. You can only use each of the following effects of ""Beetrooper Cruel Saturnas"" once per turn. If this card is Special Summoned: You can add 1 ""Beetrooper"" card from your Deck to your hand. If an Insect monster(s) is banished face-up (except during the Damage Step): You can target 1 of your banished ""Beetrooper"" monsters; Special Summon it.",,,2400.0,2000.0,5.0,Insect,DARK,Beetrooper,,,,,,,,,https://ygoprodeck.com/card/beetrooper-cruel-saturnas-13694,Cyberstorm Access,CYAC-EN037,Super Rare,(SR),0,,,91300233,https://images.ygoprodeck.com/images/cards/91300233.jpg,https://images.ygoprodeck.com/images/cards_small/91300233.jpg,https://images.ygoprodeck.com/images/cards_cropped/91300233.jpg,0.14,0.21,0.0,0.0,0.49
6,19271881,"Brightest, Blazing, Branded King",Trap Card,trap,"Choose 1 Fusion Monster you control that mentions ""Fallen of Albaz"" as material, and negate the effects of all other face-up cards currently on the field until the end of this turn. During the End Phase, if a Fusion Monster(s) was sent to your GY this turn: You can add this card from the GY to your hand. You can only use 1 ""Brightest, Blazing, Branded King"" effect per turn, and only once that turn.",,,,,,Normal,,Branded,,,,,,,,,https://ygoprodeck.com/card/brightest-blazing-branded-king-13697,Cyberstorm Access,CYAC-EN070,Common,(C),0,,,19271881,https://images.ygoprodeck.com/images/cards/19271881.jpg,https://images.ygoprodeck.com/images/cards_small/19271881.jpg,https://images.ygoprodeck.com/images/cards_cropped/19271881.jpg,0.07,0.14,0.99,0.0,0.25
7,39643167,Bunny Ear Enthusiast,Effect Monster,effect,"Once per Chain, when a monster on the field, except ""Bunny Ear Enthusiast"", activates its effect (Quick Effect): You can place 1 Bunny Ear Counter on it, and it cannot be destroyed by battle as long as it has that Counter. Once per turn (Quick Effect): You can target 1 monster with a Bunny Ear Counter; banish both it and this card until the Standby Phase of the next turn.",,,200.0,100.0,1.0,Beast-Warrior,EARTH,,,,,,,,,,https://ygoprodeck.com/card/bunny-ear-enthusiast-13692,Cyberstorm Access,CYAC-EN032,Common,(C),0,,,39643167,https://images.ygoprodeck.com/images/cards/39643167.jpg,https://images.ygoprodeck.com/images/cards_small/39643167.jpg,https://images.ygoprodeck.com/images/cards_cropped/39643167.jpg,0.05,0.04,1.0,0.0,0.49
8,27572350,Bystial Dis Pater,Synchro Monster,synchro,"1 Tuner + 1+ non-Tuner Dragon monsters\r\nYou can target 1 banished LIGHT or DARK monster; Special Summon it to your field. When your opponent activates a monster effect (Quick Effect): You can target 1 banished card; shuffle it into the Deck, then if you shuffled it into your Deck, destroy that monster, or if you shuffled it into your opponent's Deck, negate that activated effect. You can only use each effect of ""Bystial Dis Pater"" once per turn.",,,3500.0,3500.0,10.0,Dragon,DARK,Bystial,,,,,,,,,https://ygoprodeck.com/card/bystial-dis-pater-13688,Cyberstorm Access,CYAC-EN041,Ultra Rare,(UR),0,,,27572350,https://images.ygoprodeck.com/images/cards/27572350.jpg,https://images.ygoprodeck.com/images/cards_small/27572350.jpg,https://images.ygoprodeck.com/images/cards_cropped/27572350.jpg,22.47,33.47,0.0,0.0,15.99
9,22850702,Chaos Angel,Synchro Monster,synchro,"1 Tuner + 1+ non-Tuner LIGHT or DARK monsters\r\nFor this card's Synchro Summon, you can treat 1 LIGHT or DARK monster you control as a Tuner. If this card is Special Summoned: You can target 1 card on the field; banish it. This card gains these effects based on the original Attributes of materials used for its Synchro Summon.\r\n● LIGHT: Synchro Monsters you control are unaffected by monster effects activated by your opponent.\r\n● DARK: Monsters you control cannot be destroyed by battle.",,,3500.0,2800.0,10.0,Fiend,DARK,Chaos,,,,,,,,,https://ygoprodeck.com/card/chaos-angel-13700,Cyberstorm Access,CYAC-EN044,Secret Rare,(ScR),0,,,22850702,https://images.ygoprodeck.com/images/cards/22850702.jpg,https://images.ygoprodeck.com/images/cards_small/22850702.jpg,https://images.ygoprodeck.com/images/cards_cropped/22850702.jpg,33.91,45.88,44.99,0.0,54.99
10,10125011,Constellar Tellarknights,Spell Card,spell,"When this card is activated: You can Special Summon 1 ""tellarknight"" or ""Constellar"" monster from your hand or GY. You can target 1 ""tellarknight"" or ""Constellar"" Xyz Monster you control; Special Summon from your Extra Deck, 1 ""tellarknight"" or ""Constellar"" Xyz Monster with a different Rank, by using that Xyz Monster you control as material. (This is treated as an Xyz Summon. Transfer its materials to the Summoned monster.) You can only use this effect of ""Constellar Tellarknights"" once per turn. You can only activate 1 ""Constellar Tellarknights"" per turn.",,,,,,Continuous,,Constellar,,,,,,,,,https://ygoprodeck.com/card/constellar-tellarknights-13667,Cyberstorm Access,CYAC-EN064,Super Rare,(SR),0,,,10125011,https://images.ygoprodeck.com/images/cards/10125011.jpg,https://images.ygoprodeck.com/images/cards_small/10125011.jpg,https://images.ygoprodeck.com/images/cards_cropped/10125011.jpg,0.09,0.17,0.99,0.0,0.49
11,92422871,Cyberse Desavewurm,Fusion Monster,fusion,"1 Cyberse Ritual, Fusion, Synchro, Xyz, or Link Monster + 1 Cyberse monster\r\nDuring your Main Phase: You can Special Summon 1 Cyberse monster from your hand, then you can make this card's Level become the same as that monster. When your opponent activates a Spell/Trap Card or effect, while you control a Link-4 or higher Cyberse monster (Quick Effect): You can banish this card from your field or GY; negate that activation. You can only use each effect of ""Cyberse Desavewurm"" once per turn.",,,2300.0,1500.0,6.0,Cyberse,DARK,Cyber,,,,,,,,,https://ygoprodeck.com/card/cyberse-desavewurm-13598,Cyberstorm Access,CYAC-EN034,Common,(C),0,,,92422871,https://images.ygoprodeck.com/images/cards/92422871.jpg,https://images.ygoprodeck.com/images/cards_small/92422871.jpg,https://images.ygoprodeck.com/images/cards_cropped/92422871.jpg,0.07,0.11,0.99,0.0,0.25
12,65037172,Cyberse Sage,Ritual Effect Monster,ritual,"You can Ritual Summon this card with ""Cynet Ritual"". During your Main Phase: You can Fusion Summon 1 Fusion Monster from your Extra Deck, by banishing materials mentioned on it from your field or GY, including a Cyberse monster. If this card is sent to the GY as Synchro Material: You can target 1 Cyberse monster or 1 Ritual Spell in your GY; add it to your hand. You can only use each effect of ""Cyberse Sage"" once per turn.",,,0.0,0.0,1.0,Cyberse,DARK,Cyber,,,,,,,,,https://ygoprodeck.com/card/cyberse-sage-13599,Cyberstorm Access,CYAC-EN033,Common,(C),0,,,65037172,https://images.ygoprodeck.com/images/cards/65037172.jpg,https://images.ygoprodeck.com/images/cards_small/65037172.jpg,https://images.ygoprodeck.com/images/cards_cropped/65037172.jpg,0.08,0.07,0.99,0.0,0.25
13,82886276,Cynet Circuit,Trap Card,trap,"Target 1 ""Firewall"" Link Monster you control; Special Summon any number of monsters from your GY to either player's zones linked to that monster. If your LP are 2000 or less: You can banish this card from your GY; return 1 ""Firewall"" Link Monster from your GY to your Extra Deck, then you can Special Summon that monster from your Extra Deck. You can only use each effect of ""Cynet Circuit"" once per turn.",,,,,,Normal,,Cynet,,,,,,,,,https://ygoprodeck.com/card/cynet-circuit-13600,Cyberstorm Access,CYAC-EN069,Common,(C),0,,,82886276,https://images.ygoprodeck.com/images/cards/82886276.jpg,https://images.ygoprodeck.com/images/cards_small/82886276.jpg,https://images.ygoprodeck.com/images/cards_cropped/82886276.jpg,0.05,0.05,3.47,0.0,0.25
14,57900671,Cynet Rollback,Spell Card,spell,"Target 1 of your banished Cyberse monsters; Special Summon it. During your Main Phase, if your LP are 2000 or less: You can banish this card from your GY, then target 2 of your banished Cyberse monsters; add them to your hand. You can only use each effect of ""Cynet Rollback"" once per turn.",,,,,,Quick-Play,,Cynet,,,,,,,,,https://ygoprodeck.com/card/cynet-rollback-13601,Cyberstorm Access,CYAC-EN051,Super Rare,(SR),0,,,57900671,https://images.ygoprodeck.com/images/cards/57900671.jpg,https://images.ygoprodeck.com/images/cards_small/57900671.jpg,https://images.ygoprodeck.com/images/cards_cropped/57900671.jpg,0.17,0.1,0.99,0.0,0.79
15,53971455,Despian Luluwalilith,Synchro Monster,synchro,"1 Level 4 Tuner + 1+ non-Tuner monsters\r\nOnce per turn, if a card(s) leaves the Extra Deck (except during the Damage Step): You can make all monsters you currently control gain 500 ATK (permanently), then you can negate the effects of 1 face-up card on the field, until the end of this turn. During the End Phase, if this card is in the GY because it was sent there this turn: You can Special Summon 1 LIGHT Spellcaster monster from your hand or Deck whose ATK equals its own DEF. You can only use this effect of ""Despian Luluwalilith"" once per turn.",,,2500.0,2500.0,12.0,Spellcaster,LIGHT,Despia,,,,,,,,,https://ygoprodeck.com/card/despian-luluwalilith-13690,Cyberstorm Access,CYAC-EN042,Secret Rare,(ScR),0,,,53971455,https://images.ygoprodeck.com/images/cards/53971455.jpg,https://images.ygoprodeck.com/images/cards_small/53971455.jpg,https://images.ygoprodeck.com/images/cards_cropped/53971455.jpg,18.78,15.44,0.0,0.0,19.99
16,7336745,Dinomorphia Intact,Trap Card,trap,"When a monster effect is activated, while you control a ""Dinomorphia"" card: Pay half your LP; negate the activation, and if you do, destroy that monster, also whenever you take battle damage this turn, the damage taken becomes half your LP at that time. During damage calculation, while your LP are 2000 or less, if you would take battle damage: You can banish this card from your GY; you take no battle damage from that battle. You can only activate 1 ""Dinomorphia Intact"" per turn.",,,,,,Counter,,Dinomorphia,,,,,,,,,https://ygoprodeck.com/card/dinomorphia-intact-13711,Cyberstorm Access,CYAC-EN076,Common,(C),0,,,7336745,https://images.ygoprodeck.com/images/cards/7336745.jpg,https://images.ygoprodeck.com/images/cards_small/7336745.jpg,https://images.ygoprodeck.com/images/cards_cropped/7336745.jpg,0.12,0.2,0.99,0.0,0.49
17,6214163,Double Hooking,Trap Card,trap,"Activate by discarding 1 card, then target up to 2 monsters in your GY; Special Summon them. When any of those monsters leaves the field, destroy this card. When this card leaves the field, destroy those monster(s). You can only activate 1 ""Double Hooking"" per turn.",,,,,,Continuous,,,,,,,,,,,https://ygoprodeck.com/card/double-hooking-13701,Cyberstorm Access,CYAC-EN079,Common,(C),0,,,6214163,https://images.ygoprodeck.com/images/cards/6214163.jpg,https://images.ygoprodeck.com/images/cards_small/6214163.jpg,https://images.ygoprodeck.com/images/cards_cropped/6214163.jpg,0.02,0.09,0.0,0.0,0.49
18,18458255,Dream Tower of Princess Nemleria,Spell Card,spell,"You can banish 2 face-down cards from your Extra Deck, face-down; add 2 Level 10 Beast monsters with different names from your Deck to your hand. You cannot Special Summon monsters from the Extra Deck the turn you activate this effect, except Pendulum Monsters. You can only use this effect of ""Dream Tower of Princess Nemleria"" once per turn. If a ""Nemleria"" monster(s) you control would be destroyed by battle or an opponent's card effect, while you have ""Dreaming Nemleria"" face-up in your Extra Deck, you can banish 1 face-down card from your Extra Deck face-down, instead.",,,,,,Continuous,,Nemurelia,,,,,,,,,https://ygoprodeck.com/card/dream-tower-of-princess-nemleria-13686,Cyberstorm Access,CYAC-EN059,Common,(C),0,,,18458255,https://images.ygoprodeck.com/images/cards/18458255.jpg,https://images.ygoprodeck.com/images/cards_small/18458255.jpg,https://images.ygoprodeck.com/images/cards_cropped/18458255.jpg,0.07,0.08,0.0,0.0,0.25
19,70155677,Dreaming Nemleria,Pendulum Effect Monster,effect_pendulum,"[ Pendulum Effect ] \nOnce per turn, during your Main Phase: You can place 1 ""Nemleria"" Continuous Spell from your Deck or GY face-up on your field, and if you do, add this card to your Extra Deck face-up. You cannot Special Summon ""Dreaming Nemleria"" the turn you activate this effect.\n[ Monster Effect ] \nCannot be Normal Summoned/Set. Must be Special Summoned (from your face-up Extra Deck) by having no cards in your Extra Deck, except ""Dreaming Nemleria"". You can only Special Summon ""Dreaming Nemleria(s)"" once per turn. If this card is Special Summoned: For every 3 of your face-down banished cards, you can banish up to 1 card from your opponent's field and/or GY, face-down, then shuffle 1 of your face-down banished cards into your Deck for each card you banished by this effect.","Once per turn, during your Main Phase: You can place 1 ""Nemleria"" Continuous Spell from your Deck or GY face-up on your field, and if you do, add this card to your Extra Deck face-up. You cannot Special Summon ""Dreaming Nemleria"" the turn you activate this effect.","Cannot be Normal Summoned/Set. Must be Special Summoned (from your face-up Extra Deck) by having no cards in your Extra Deck, except ""Dreaming Nemleria"". You can only Special Summon ""Dreaming Nemleria(s)"" once per turn. If this card is Special Summoned: For every 3 of your face-down banished cards, you can banish up to 1 card from your opponent's field and/or GY, face-down, then shuffle 1 of your face-down banished cards into your Deck for each card you banished by this effect.",0.0,1500.0,1.0,Fairy,LIGHT,Nemleria,,,,,,,,8.0,https://ygoprodeck.com/card/dreaming-nemleria-13682,Cyberstorm Access,CYAC-EN015,Super Rare,(SR),0,,,70155677,https://images.ygoprodeck.com/images/cards/70155677.jpg,https://images.ygoprodeck.com/images/cards_small/70155677.jpg,https://images.ygoprodeck.com/images/cards_cropped/70155677.jpg,0.9,0.64,0.99,0.0,0.49
20,28798938,Dual Avatar - Manifested A-Un,Fusion Monster,fusion,"2 ""Dual Avatar"" monsters\r\nThis card gains the following effect(s), based on the original names of the materials used for its Fusion Summon. ● ""Dual Avatar - Empowered Kon-Gyo"": The ATK of your battling ""Dual Avatar"" monsters become 3000 during damage calculation only. ● ""Dual Avatar - Empowered Mitsu-Jaku"": Once per opponent's turn (Quick Effect): You can target 1 card on the field; banish it.\r\nIf this Fusion Summoned card is destroyed: You can Special Summon 1 ""Dual Avatar Fists - Yuhi"" and 1 ""Dual Avatar Feet - Kokoku"" from your Deck, and if you do, they cannot be destroyed by battle or card effects this turn.",,,0.0,0.0,4.0,Warrior,LIGHT,Dual Avatar,,,,,,,,,https://ygoprodeck.com/card/dual-avatar-manifested-a-un-13703,Cyberstorm Access,CYAC-EN038,Common,(C),0,,,28798938,https://images.ygoprodeck.com/images/cards/28798938.jpg,https://images.ygoprodeck.com/images/cards_small/28798938.jpg,https://images.ygoprodeck.com/images/cards_cropped/28798938.jpg,0.11,0.04,0.99,0.0,0.25
21,45675980,Etude of the Branded,Trap Card,trap,"During either player's turn, you can: Immediately after this effect resolves, Synchro Summon 1 Synchro Monster, using monsters you control as material, including a Dragon monster. You can only use this effect of ""Etude of the Branded"" once per turn. While you control a ""Bystial"" monster, banish any monsters that would be sent to your opponent's GY as Tributes for their Ritual Summon, or as material for their Fusion, Synchro, or Link Summon.",,,,,,Continuous,,Branded,,,,,,,,,https://ygoprodeck.com/card/etude-of-the-branded-13709,Cyberstorm Access,CYAC-EN071,Common,(C),0,,,45675980,https://images.ygoprodeck.com/images/cards/45675980.jpg,https://images.ygoprodeck.com/images/cards_small/45675980.jpg,https://images.ygoprodeck.com/images/cards_cropped/45675980.jpg,0.09,0.13,0.0,0.0,0.25
22,82090807,Fallen of Argyros,Effect Monster,effect,"If a Level/Rank/Link 2 monster is on the field, you can Special Summon this card (from your hand) to either field. You can only Special Summon ""Fallen of Argyros"" once per turn this way. Neither player can activate the effects of Link Monsters that point to this card. During your opponent's turn (Quick Effect): You can target 1 Xyz Monster on the field; detach 1 or 2 materials from it. You can only use this effect of ""Fallen of Argyros"" once per turn.",,,700.0,700.0,2.0,Thunder,DARK,,,,,,,,,,https://ygoprodeck.com/card/fallen-of-argyros-13705,Cyberstorm Access,CYAC-EN009,Common,(C),0,,,82090807,https://images.ygoprodeck.com/images/cards/82090807.jpg,https://images.ygoprodeck.com/images/cards_small/82090807.jpg,https://images.ygoprodeck.com/images/cards_cropped/82090807.jpg,0.1,0.07,0.99,0.0,0.49
23,20455229,Firewall Defenser,Effect Monster,effect,"If this card is sent to the GY as material for the Link Summon of a Cyberse monster: You can Special Summon 1 ""Firewall"" monster from your Deck, except ""Firewall Defenser"". You cannot Special Summon monsters the turn you activate this effect, except Cyberse monsters. If a ""Firewall"" monster(s) you control would be destroyed by card effect, you can banish this card from your GY instead. You can only use each effect of ""Firewall Defenser"" once per turn.",,,1200.0,1500.0,4.0,Cyberse,DARK,Firewall,,,,,,,,,https://ygoprodeck.com/card/firewall-defenser-13602,Cyberstorm Access,CYAC-EN001,Ultra Rare,(UR),0,,,20455229,https://images.ygoprodeck.com/images/cards/20455229.jpg,https://images.ygoprodeck.com/images/cards_small/20455229.jpg,https://images.ygoprodeck.com/images/cards_cropped/20455229.jpg,2.1,1.89,11.9,0.0,7.99
24,21637210,Firewall Dragon Singularity,Link Monster,link,"3+ Effect Monsters\r\n(Quick Effect): You can target cards your opponent controls or in their GY up to the number of different card types (Ritual, Fusion, Synchro, Xyz) you control and in your GY; return them to the hand, also this card gains 500 ATK for each returned card. If a monster this card points to is destroyed by battle, or sent to the GY: You can target 1 Cyberse monster in your GY; Special Summon it. You can only use each effect of ""Firewall Dragon Singularity"" once per turn.",,,3500.0,,,Cyberse,DARK,Firewall,6.0,Top-Left,Left,Bottom,Right,Top-Right,Top,,https://ygoprodeck.com/card/firewall-dragon-singularity-13603,Cyberstorm Access,CYAC-EN047,Secret Rare,(ScR),0,,,21637210,https://images.ygoprodeck.com/images/cards/21637210.jpg,https://images.ygoprodeck.com/images/cards_small/21637210.jpg,https://images.ygoprodeck.com/images/cards_cropped/21637210.jpg,6.99,2.56,3.69,0.0,5.99
25,57940938,Firewall Phantom,Effect Monster,effect,"If this card is sent to the GY as material for the Link Summon of a Cyberse monster: You can add 1 ""Cynet"" Spell/Trap from your Deck to your hand, then discard 1 card. You can banish this card from your GY; during the End Phase of this turn, shuffle 1 Cyberse monster from your GY into the Deck. You can only use each effect of ""Firewall Phantom"" once per turn.",,,2000.0,1300.0,5.0,Cyberse,DARK,Firewall,,,,,,,,,https://ygoprodeck.com/card/firewall-phantom-13604,Cyberstorm Access,CYAC-EN002,Common,(C),0,,,57940938,https://images.ygoprodeck.com/images/cards/57940938.jpg,https://images.ygoprodeck.com/images/cards_small/57940938.jpg,https://images.ygoprodeck.com/images/cards_cropped/57940938.jpg,0.09,0.1,0.99,0.0,0.25
26,4483598,Full Active Duplex,Effect Monster,effect,"Linked monsters you control can make up to 2 attacks on monsters during each Battle Phase. You can only use each of the following effects of ""Full Active Duplex"" once per turn. You can banish 2 Link Monsters from your GY; Special Summon this card from your hand. If this card is sent to the GY: You can target 1 Cyberse monster you control; it gains 1000 ATK.",,,2800.0,1000.0,9.0,Cyberse,WIND,,,,,,,,,,https://ygoprodeck.com/card/full-active-duplex-13713,Cyberstorm Access,CYAC-EN025,Common,(C),0,,,4483598,https://images.ygoprodeck.com/images/cards/4483598.jpg,https://images.ygoprodeck.com/images/cards_small/4483598.jpg,https://images.ygoprodeck.com/images/cards_cropped/4483598.jpg,0.02,0.05,1.0,0.0,0.25
27,43331750,Fusion Duplication,Trap Card,trap,"Target 1 ""Fusion"" or ""Polymerization"" Normal or Quick-Play Spell in either player's GY; banish that Spell, then apply that Spell's effect when that card is activated. You can only activate 1 ""Fusion Duplication"" per turn.",,,,,,Normal,,Fusion,,,,,,,,,https://ygoprodeck.com/card/fusion-duplication-13702,Cyberstorm Access,CYAC-EN077,Common,(C),0,,,43331750,https://images.ygoprodeck.com/images/cards/43331750.jpg,https://images.ygoprodeck.com/images/cards_small/43331750.jpg,https://images.ygoprodeck.com/images/cards_cropped/43331750.jpg,0.12,0.19,0.0,0.0,0.25
28,54670997,Gold Pride - Better Luck Next Time!,Spell Card,spell,"When this card is activated: You can add 1 ""Gold Pride"" monster from your Deck to your hand, and if you do, lose LP equal to its ATK. If a face-up ""Gold Pride"" monster(s) you control that was Special Summoned from the Extra Deck returns to the Extra Deck (except during the Damage Step): You can draw 1 card. You can only use this effect of ""Gold Pride - Better Luck Next Time!"" once per turn. You can only activate 1 ""Gold Pride - Better Luck Next Time!"" per turn.",,,,,,Continuous,,Gold Pride,,,,,,,,,https://ygoprodeck.com/card/gold-pride-better-luck-next-time-13900,Cyberstorm Access,CYAC-EN091,Secret Rare,(ScR),0,,,54670997,https://images.ygoprodeck.com/images/cards/54670997.jpg,https://images.ygoprodeck.com/images/cards_small/54670997.jpg,https://images.ygoprodeck.com/images/cards_cropped/54670997.jpg,3.1,4.5,15.99,0.0,19.99
29,65892585,Gold Pride - Chariot Carrie,XYZ Monster,xyz,"2 Level 3 monsters\r\nYou can detach 1 material from this card; add 1 ""Gold Pride"" Spell from your Deck to your hand, then if your LP are lower than your opponent's, you can send 1 ""Gold Pride"" monster from your Deck to the GY. You can only use the previous effect of ""Gold Pride - Chariot Carrie"" once per turn. Once per turn, during the End Phase, if the previous effect was activated this turn: Return this card to the Extra Deck, and if you do, Special Summon 1 ""Gold Pride - Captain Carrie"" from your Deck or GY.",,,1900.0,2700.0,3.0,Aqua,WATER,Gold Pride,,,,,,,,,https://ygoprodeck.com/card/gold-pride-chariot-carrie-13901,Cyberstorm Access,CYAC-EN088,Starlight Rare,(StR),0,,,65892585,https://images.ygoprodeck.com/images/cards/65892585.jpg,https://images.ygoprodeck.com/images/cards_small/65892585.jpg,https://images.ygoprodeck.com/images/cards_cropped/65892585.jpg,0.0,0.77,1.99,0.0,5.99
30,90164606,Gold Pride - It's Neck and Neck!,Trap Card,trap,"Target 1 ""Gold Pride"" monster you control or 1 ""Gold Pride"" card in your GY, except ""Gold Pride - It's Neck and Neck!""; return it to the hand. If your opponent controls a monster with higher ATK than your LP: You can banish this card and 1 ""Gold Pride"" monster from your GY; Special Summon 1 other ""Gold Pride"" monster from your Extra Deck that mentions that banished monster's name. You can only use each effect of ""Gold Pride - It's Neck and Neck!"" once per turn.",,,,,,Normal,,Gold Pride,,,,,,,,,https://ygoprodeck.com/card/gold-pride-it-s-neck-and-neck-13902,Cyberstorm Access,CYAC-EN092,Common,(C),0,,,90164606,https://images.ygoprodeck.com/images/cards/90164606.jpg,https://images.ygoprodeck.com/images/cards_small/90164606.jpg,https://images.ygoprodeck.com/images/cards_cropped/90164606.jpg,0.09,0.11,2.75,0.0,0.49
31,27275398,Gold Pride - Pedal to the Metal!,Spell Card,spell,"Target 1 ""Gold Pride"" monster you control; until the end of this turn, it gains 500 ATK, it cannot be destroyed by battle or card effects, and it cannot activate its effects. During the End Phase, if a face-up ""Gold Pride"" monster(s) you control was destroyed by battle or card effect this turn: You can Set this card from your GY. You can only use this effect of ""Gold Pride - Pedal to the Metal!"" once per turn.",,,,,,Quick-Play,,Gold Pride,,,,,,,,,https://ygoprodeck.com/card/gold-pride-pedal-to-the-metal-13903,Cyberstorm Access,CYAC-EN090,Common,(C),0,,,27275398,https://images.ygoprodeck.com/images/cards/27275398.jpg,https://images.ygoprodeck.com/images/cards_small/27275398.jpg,https://images.ygoprodeck.com/images/cards_cropped/27275398.jpg,0.06,0.09,2.75,0.0,0.25
32,28497830,Gold Pride - Pin Baller,Fusion Monster,fusion,"""Gold Pride - Roller Baller"" + 1+ ""Gold Pride"" monsters\r\nIf this card is Fusion Summoned: You can equip face-up monsters your opponent controls to it, up to the number of Fusion Materials used. You can only use the previous effect of ""Gold Pride - Pin Baller"" once per turn, also, if your LP are lower than your opponent's, the effect's activation and effect cannot be negated. Once per turn, during the End Phase, if the previous effect was activated this turn: Return this card to the Extra Deck, and if you do, Special Summon 1 ""Gold Pride - Roller Baller"" from your Deck or GY.",,,3000.0,0.0,9.0,Machine,DARK,Gold Pride,,,,,,,,,https://ygoprodeck.com/card/gold-pride-pin-baller-13904,Cyberstorm Access,CYAC-EN087,Ultra Rare,(UR),0,,,28497830,https://images.ygoprodeck.com/images/cards/28497830.jpg,https://images.ygoprodeck.com/images/cards_small/28497830.jpg,https://images.ygoprodeck.com/images/cards_cropped/28497830.jpg,0.24,0.53,1.97,0.0,3.99
33,92003832,Gold Pride - Roller Baller,Effect Monster,effect,"If your LP are lower than your opponent's: You can Special Summon this card from your hand. During the Main Phase (Quick Effect): You can Fusion Summon 1 ""Gold Pride"" Fusion Monster from your Extra Deck, using monsters from your hand or field as material. You can only use each effect of ""Gold Pride - Roller Baller"" once per turn.",,,1800.0,1600.0,5.0,Psychic,EARTH,Gold Pride,,,,,,,,,https://ygoprodeck.com/card/gold-pride-roller-baller-13905,Cyberstorm Access,CYAC-EN086,Secret Rare,(ScR),0,,,92003832,https://images.ygoprodeck.com/images/cards/92003832.jpg,https://images.ygoprodeck.com/images/cards_small/92003832.jpg,https://images.ygoprodeck.com/images/cards_cropped/92003832.jpg,1.05,1.89,9.45,0.0,9.99
34,91286284,Gold Pride - That Came Out of Nowhere!,Spell Card,spell,"Special Summon 1 ""Gold Pride"" monster from your hand or GY, then your opponent can Special Summon 1 monster from their hand or GY to their field, but negate its effects. You can only activate 1 ""Gold Pride - That Came Out of Nowhere!"" per turn.",,,,,,Quick-Play,,Gold Pride,,,,,,,,,https://ygoprodeck.com/card/gold-pride-that-came-out-of-nowhere-13906,Cyberstorm Access,CYAC-EN089,Ultra Rare,(UR),0,,,91286284,https://images.ygoprodeck.com/images/cards/91286284.jpg,https://images.ygoprodeck.com/images/cards_small/91286284.jpg,https://images.ygoprodeck.com/images/cards_cropped/91286284.jpg,0.18,0.29,1.44,0.0,2.99
35,93125329,Golden Cloud Beast - Malong,Synchro Monster,synchro,"1 Tuner + 1+ non-Tuner monsters\r\nIf this card is Special Summoned: You can increase or decrease its Level by 1. If this card is sent to the GY: You can target 1 face-up card your opponent controls; return it to the hand. You can only use this effect of ""Golden Cloud Beast - Malong"" once per turn.",,,2200.0,1000.0,6.0,Dragon,LIGHT,,,,,,,,,,https://ygoprodeck.com/card/golden-cloud-beast-malong-13907,Cyberstorm Access,CYAC-EN082,Common,(C),0,,,93125329,https://images.ygoprodeck.com/images/cards/93125329.jpg,https://images.ygoprodeck.com/images/cards_small/93125329.jpg,https://images.ygoprodeck.com/images/cards_cropped/93125329.jpg,0.16,0.24,0.0,0.0,0.25
36,84521924,GranSolfachord Coolia,Link Monster,link,"2+ monsters, including a Pendulum Monster\r\nGains 100 ATK for each face-up Pendulum Monster in your Extra Deck. The activated effects of Pendulum Monsters this card points to cannot be negated. Once per turn, when your opponent activates a card or effect (Quick Effect): You can Special Summon 1 ""Solfachord"" card with an odd Pendulum Scale from your Pendulum Zone to your zone this card points to, and if you do, negate the activation, then you can add 1 ""Solfachord"" Pendulum Monster with an even Pendulum Scale from your Deck to your face-up Extra Deck.",,,2700.0,,,Fairy,LIGHT,GranSolfachord,3.0,Bottom-Left,Bottom-Right,Bottom,,,,,https://ygoprodeck.com/card/gransolfachord-coolia-13663,Cyberstorm Access,CYAC-EN049,Super Rare,(SR),0,,,84521924,https://images.ygoprodeck.com/images/cards/84521924.jpg,https://images.ygoprodeck.com/images/cards_small/84521924.jpg,https://images.ygoprodeck.com/images/cards_cropped/84521924.jpg,0.19,0.2,0.0,0.0,0.49
37,45883110,"Guiding Quem, the Virtuous",Tuner Monster,effect,"(This card is always treated as a ""Dogmatika"" and ""Despia"" card.)\r\nIf this card is Normal or Special Summoned: You can send 1 ""Fallen of Albaz"" or 1 card that mentions it from your Deck to the GY. If a card(s) leaves the Extra Deck (except during the Damage Step): You can target 1 ""Fallen of Albaz"", or 1 monster that mentions it, in your GY, except ""Guiding Quem, the Virtuous""; Special Summon it. You can only use each effect of ""Guiding Quem, the Virtuous"" once per turn.",,,1500.0,1500.0,4.0,Spellcaster,LIGHT,Despia,,,,,,,,,https://ygoprodeck.com/card/guiding-quem-the-virtuous-13706,Cyberstorm Access,CYAC-EN011,Secret Rare,(ScR),0,,,45883110,https://images.ygoprodeck.com/images/cards/45883110.jpg,https://images.ygoprodeck.com/images/cards_small/45883110.jpg,https://images.ygoprodeck.com/images/cards_cropped/45883110.jpg,29.04,43.06,0.0,0.0,49.99
38,83008724,Gunkan Suship Catch-of-the-Day,Spell Card,spell,"Once per turn: You can reveal 1 ""Gunkan Suship Shari"" in your hand; place 1 counter on this card, and if you do, reveal 1 ""Gunkan"" Xyz Monster from your Extra Deck, and your opponent declares 1 ""Gunkan"" monster's card name, except ""Gunkan Suship Shari"", that is mentioned on any ""Gunkan"" Xyz Monster, then, you add that declared card from your Deck to your hand. If you cannot add, shuffle this card into the Deck. If this card in its owner's possession is destroyed by an opponent's card: Your opponent pays exactly 500 LP for each counter on this card.",,,,,,Continuous,,Gunkan,,,,,,,,,https://ygoprodeck.com/card/gunkan-suship-catch-of-the-day-13699,Cyberstorm Access,CYAC-EN066,Common,(C),0,,,83008724,https://images.ygoprodeck.com/images/cards/83008724.jpg,https://images.ygoprodeck.com/images/cards_small/83008724.jpg,https://images.ygoprodeck.com/images/cards_cropped/83008724.jpg,0.12,0.1,0.0,0.0,0.25
39,31987203,Harvest Angel of Doom,Pendulum Effect Monster,effect_pendulum,"[ Pendulum Effect ] \nDuring your Main Phase: You can destroy this card, and if you do, add 1 ""Black Horn of Heaven"" from your Deck to your hand. You can only use this effect of ""Harvest Angel of Doom"" once per turn.\n[ Monster Effect ] \nIf this card is Normal or Pendulum Summoned: You can add 1 ""Horn of Heaven"" from your Deck to your hand. If this card is Tributed: You can place this card in your Pendulum Zone. You can only use each effect of ""Harvest Angel of Doom"" once per turn.","During your Main Phase: You can destroy this card, and if you do, add 1 ""Black Horn of Heaven"" from your Deck to your hand. You can only use this effect of ""Harvest Angel of Doom"" once per turn.","If this card is Normal or Pendulum Summoned: You can add 1 ""Horn of Heaven"" from your Deck to your hand. If this card is Tributed: You can place this card in your Pendulum Zone. You can only use each effect of ""Harvest Angel of Doom"" once per turn.",1800.0,1000.0,4.0,Fairy,DARK,Counter Fairy,,,,,,,,8.0,https://ygoprodeck.com/card/harvest-angel-of-doom-13715,Cyberstorm Access,CYAC-EN026,Super Rare,(SR),0,,,31987203,https://images.ygoprodeck.com/images/cards/31987203.jpg,https://images.ygoprodeck.com/images/cards_small/31987203.jpg,https://images.ygoprodeck.com/images/cards_cropped/31987203.jpg,0.12,0.13,0.99,0.0,0.49
40,43618262,Hatsugai,Trap Card,trap,"Excavate the top 5 cards of your opponent's Deck (or as many as possible), choose 1 excavated card, and declare a number in multiples of 100 (min. 100, max. 3000). Your opponent can choose to gain LP equal to the declared number. If they gained LP, you lose that amount of LP, and if you do, add that chosen card to your hand, also place the rest on top of the Deck in the same order. If they did not, place the excavated cards on top of the Deck in the same order.",,,,,,Normal,,,,,,,,,,,https://ygoprodeck.com/card/hatsugai-13695,Cyberstorm Access,CYAC-EN080,Common,(C),0,,,43618262,https://images.ygoprodeck.com/images/cards/43618262.jpg,https://images.ygoprodeck.com/images/cards_small/43618262.jpg,https://images.ygoprodeck.com/images/cards_cropped/43618262.jpg,0.02,0.04,1.0,0.0,0.49
41,91323605,How Did Dai Get Here?,Trap Card,trap,"If a monster you control is destroyed by your opponent's attack or card effect: Place face-up in your Field Zone, 1 Field Spell from your Deck with a different name than the cards in the Field Zones, then reveal 5 monsters from your Deck that can be Special Summoned, with different names from each other, your opponent randomly picks 1 for you to Special Summon, also shuffle the rest into your Deck. You can only activate 1 ""How Did Dai Get Here?"" per turn.",,,,,,Normal,,,,,,,,,,,https://ygoprodeck.com/card/how-did-dai-get-here-13908,Cyberstorm Access,CYAC-EN085,Common,(C),0,,,91323605,https://images.ygoprodeck.com/images/cards/91323605.jpg,https://images.ygoprodeck.com/images/cards_small/91323605.jpg,https://images.ygoprodeck.com/images/cards_cropped/91323605.jpg,0.17,0.05,0.99,0.0,0.25
42,6327734,Hu-Li the Jewel Mikanko,Effect Monster,effect,"If this card is not equipped with an Equip Card, you take no damage from battles involving this card. If this card is equipped with an Equip Card, it cannot be destroyed by battle and your opponent takes any battle damage you would have taken from battles involving this card. While you control an Equip Card, your opponent cannot target ""Mikanko"" cards you control with card effects. If either player equips an Equip Card(s) to this card: You can add 1 ""Mikanko"" Trap from your Deck to your hand. You can only use this effect of ""Hu-Li the Jewel Mikanko"" once per turn.",,,0.0,0.0,3.0,Psychic,WIND,Mikanko,,,,,,,,,https://ygoprodeck.com/card/hu-li-the-jewel-mikanko-13658,Cyberstorm Access,CYAC-EN019,Common,(C),0,,,6327734,https://images.ygoprodeck.com/images/cards/6327734.jpg,https://images.ygoprodeck.com/images/cards_small/6327734.jpg,https://images.ygoprodeck.com/images/cards_cropped/6327734.jpg,0.06,0.13,0.0,0.0,0.39
43,18494511,Icejade Ran Aegirine,Tuner Monster,effect,"This card's name becomes ""Icejade Cenote Enion Cradle"" while equipped with an Equip Card. You can discard 1 other ""Icejade"" card or WATER monster; Special Summon this card from your hand, then you can Special Summon 1 ""Icejade Token"" (Aqua/WATER/Level 3/ATK 0/DEF 0). While that Token is in the Monster Zone, the player who Summoned it cannot Special Summon monsters from the Extra Deck, except WATER monsters. You can only use this effect of ""Icejade Ran Aegirine"" once per turn.",,,1500.0,2500.0,7.0,Aqua,WATER,Icejade,,,,,,,,,https://ygoprodeck.com/card/icejade-ran-aegirine-13707,Cyberstorm Access,CYAC-EN010,Ultra Rare,(UR),0,,,18494511,https://images.ygoprodeck.com/images/cards/18494511.jpg,https://images.ygoprodeck.com/images/cards_small/18494511.jpg,https://images.ygoprodeck.com/images/cards_cropped/18494511.jpg,8.75,6.45,3.59,0.0,4.99
44,29510428,Imperial Princess Quinquery,XYZ Monster,xyz,"2 Level 5 monsters\r\nYou can detach 1 material from this card, then target 1 Level 5 monster in either GY; Special Summon it to either field. If a face-up Level 5 monster you control is destroyed by battle, or leaves the field by an opponent's card effect, while you control this monster: You can add to your hand or Special Summon, 1 Level 5 monster from your Deck. You can only use each effect of ""Imperial Princess Quinquery"" once per turn.",,,1200.0,2800.0,5.0,Cyberse,DARK,,,,,,,,,,https://ygoprodeck.com/card/imperial-princess-quinquery-13909,Cyberstorm Access,CYAC-EN083,Common,(C),0,,,29510428,https://images.ygoprodeck.com/images/cards/29510428.jpg,https://images.ygoprodeck.com/images/cards_small/29510428.jpg,https://images.ygoprodeck.com/images/cards_cropped/29510428.jpg,0.06,0.08,0.99,0.0,0.49
45,5205146,Infinitrack Road Roller,Effect Monster,effect,"If an EARTH Machine monster is Tributed, or banished face-up: You can Special Summon this card from the GY (if it was there when the monster was Tributed or banished) or hand (even if not), but banish it when it leaves the field. You can only use this effect of ""Infinitrack Road Roller"" once per turn. An Xyz Monster whose original Type is Machine and has this card as material gains this effect.\r\n● Face-up monsters your opponent controls are changed to Defense Position, also they lose 1000 DEF.",,,2100.0,2100.0,5.0,Machine,EARTH,Infinitrack,,,,,,,,,https://ygoprodeck.com/card/infinitrack-road-roller-13679,Cyberstorm Access,CYAC-EN022,Ultra Rare,(UR),0,,,5205146,https://images.ygoprodeck.com/images/cards/5205146.jpg,https://images.ygoprodeck.com/images/cards_small/5205146.jpg,https://images.ygoprodeck.com/images/cards_cropped/5205146.jpg,0.34,0.41,0.0,0.0,3.99
46,82286798,Kashtira Akstra,Spell Card,spell,"If a face-up ""Kashtira"" Xyz Monster(s) you control is destroyed by battle or card effect: Banish 1 ""Visas Starfrost"" from your hand, your Deck, or your Monster Zone, and if you do, Special Summon 1 ""Vicious Astraloud"" from your Extra Deck, ignoring its Summoning conditions. If this card is banished: You can target 1 of your banished ""Visas Starfrost""; add it to your hand. You can only use each effect of ""Kashtira Akstra"" once per turn.",,,,,,Quick-Play,,Kashtira,,,,,,,,,https://ygoprodeck.com/card/kashtira-akstra-13647,Cyberstorm Access,CYAC-EN055,Common,(C),0,,,82286798,https://images.ygoprodeck.com/images/cards/82286798.jpg,https://images.ygoprodeck.com/images/cards_small/82286798.jpg,https://images.ygoprodeck.com/images/cards_cropped/82286798.jpg,0.12,0.07,0.0,0.0,0.25
47,3361010,Kitsuni Kitsunebi,Effect Monster,effect,"All face-up monsters on the field become FIRE. If your opponent has a FIRE monster on their field or in their GY, while this card is in your GY: You can Special Summon this card. You can only use this effect of ""Kitsuni Kitsunebi"" once per turn.",,,200.0,1900.0,3.0,Warrior,FIRE,,,,,,,,,,https://ygoprodeck.com/card/kitsuni-kitsunebi-13720,Cyberstorm Access,CYAC-EN028,Common,(C),0,,,3361010,https://images.ygoprodeck.com/images/cards/3361010.jpg,https://images.ygoprodeck.com/images/cards_small/3361010.jpg,https://images.ygoprodeck.com/images/cards_cropped/3361010.jpg,0.09,0.04,0.0,0.0,0.49
48,64475743,"Kittytail, Mystical Beast of the Forest",Effect Monster,effect,"If this card is Normal or Special Summoned: You can target 1 Beast, Beast-Warrior, Winged Beast, Insect, or Plant monster in your GY; send 1 monster from your Deck to the GY with the same original Type as that monster. If this card in its owner's possession is destroyed by an opponent's card: You can add 1 Beast, Beast-Warrior, Winged Beast, Insect, or Plant monster from your Deck to your hand, except ""Kittytail, Mystical Beast of the Forest"". You can only use each effect of ""Kittytail, Mystical Beast of the Forest"" once per turn.",,,200.0,200.0,2.0,Beast,EARTH,Mystical Beast of the Forest,,,,,,,,,https://ygoprodeck.com/card/kittytail-mystical-beast-of-the-forest-13471,Cyberstorm Access,CYAC-EN096,Super Rare,(SR),0,,,64475743,https://images.ygoprodeck.com/images/cards/64475743.jpg,https://images.ygoprodeck.com/images/cards_small/64475743.jpg,https://images.ygoprodeck.com/images/cards_cropped/64475743.jpg,0.09,0.13,0.99,0.0,0.49
49,84121302,Libromancer Origin Story,Spell Card,spell,"When this card is activated: You can Set 1 ""Libromancer"" Spell/Trap directly from your Deck, except ""Libromancer Origin Story"". ""Libromancer"" Ritual Monsters you control gain ATK equal to their own Level x 100. If a Ritual Monster is Ritual Summoned to your field (except during the Damage Step): You can target 1 Spell/Trap your opponent controls; destroy it. You can only use this effect of ""Libromancer Origin Story"" once per turn. You can only activate 1 ""Libromancer Origin Story"" per turn.",,,,,,Continuous,,Libromancer,,,,,,,,,https://ygoprodeck.com/card/libromancer-origin-story-13677,Cyberstorm Access,CYAC-EN063,Ultra Rare,(UR),0,,,84121302,https://images.ygoprodeck.com/images/cards/84121302.jpg,https://images.ygoprodeck.com/images/cards_small/84121302.jpg,https://images.ygoprodeck.com/images/cards_cropped/84121302.jpg,0.8,0.94,0.0,0.0,2.99
50,45065541,Mannadium Abscission,Spell Card,spell,"Target 1 monster you control; destroy it, and if you do, add 1 ""Peaceful Planet Calarium"" from your Deck to your hand, or, if you control ""Peaceful Planet Calarium"", you can add 1 ""Mannadium"" Spell/Trap instead, except ""Mannadium Abscission"". You can banish this card from your GY; Special Summon 1 ""Visas Starfrost"" or 1 monster with 1500 ATK/2100 DEF from your hand. You can only use each effect of ""Mannadium Abscission"" once per turn.",,,,,,Normal,,Mannadium,,,,,,,,,https://ygoprodeck.com/card/mannadium-abscission-13649,Cyberstorm Access,CYAC-EN057,Super Rare,(SR),0,,,45065541,https://images.ygoprodeck.com/images/cards/45065541.jpg,https://images.ygoprodeck.com/images/cards_small/45065541.jpg,https://images.ygoprodeck.com/images/cards_cropped/45065541.jpg,0.26,0.52,0.0,0.0,0.99
51,71164684,Mannadium Breakheart,Trap Card,trap,"Target 1 Tuner or 1 Synchro Monster in your GY; Special Summon it, then if you Special Summoned a LIGHT monster, you can destroy 1 monster your opponent controls with ATK less than or equal to the Special Summoned monster's. If ""Visas Starfrost"", or a monster with 1500 ATK/2100 DEF, you control would be destroyed by battle or card effect, you can banish this card from your GY instead. You can only use each effect of ""Mannadium Breakheart"" once per turn.",,,,,,Normal,,Heart,,,,,,,,,https://ygoprodeck.com/card/mannadium-breakheart-13650,Cyberstorm Access,CYAC-EN072,Common,(C),0,,,71164684,https://images.ygoprodeck.com/images/cards/71164684.jpg,https://images.ygoprodeck.com/images/cards_small/71164684.jpg,https://images.ygoprodeck.com/images/cards_cropped/71164684.jpg,0.11,0.09,0.0,0.0,0.49
52,19671433,Mannadium Imaginings,Spell Card,spell,"Reveal 1 ""Mannadium"" monster or ""Visas Starfrost"" in your hand; draw 2 cards, then place 1 card from your hand on the bottom of the Deck. You can banish this card from your GY, then target 1 monster you control with 1500 ATK/2100 DEF; treat it as a Tuner until the end of this turn. You can only use each effect of ""Mannadium Imaginings"" once per turn.",,,,,,Normal,,Mannadium,,,,,,,,,https://ygoprodeck.com/card/mannadium-imaginings-13652,Cyberstorm Access,CYAC-EN056,Common,(C),0,,,19671433,https://images.ygoprodeck.com/images/cards/19671433.jpg,https://images.ygoprodeck.com/images/cards_small/19671433.jpg,https://images.ygoprodeck.com/images/cards_cropped/19671433.jpg,0.14,0.1,0.99,0.0,0.39
53,44760562,Mannadium Meek,Tuner Monster,effect,"If you control ""Visas Starfrost"" or a monster with 1500 ATK/2100 DEF, you can Special Summon this card (from your hand). You can only Special Summon ""Mannadium Meek"" once per turn this way. If this card is destroyed by battle or card effect: You can Special Summon 1 ""Mannadium Meek"" from your Deck, then you can increase its Level by 2.",,,0.0,1800.0,2.0,Fairy,WATER,Mannadium,,,,,,,,,https://ygoprodeck.com/card/mannadium-meek-13653,Cyberstorm Access,CYAC-EN014,Super Rare,(SR),0,,,44760562,https://images.ygoprodeck.com/images/cards/44760562.jpg,https://images.ygoprodeck.com/images/cards_small/44760562.jpg,https://images.ygoprodeck.com/images/cards_cropped/44760562.jpg,0.46,0.71,0.0,0.0,0.49
54,18158393,Mannadium Reframing,Trap Card,trap,"When a Spell/Trap Card, or monster effect, is activated while you control a Synchro Monster: Negate the activation, then if you have ""Visas Starfrost"", or a monster with 1500 ATK/2100 DEF, on your field or in your GY, you can destroy that negated card. You can banish this card from your GY, then target up to 3 ""Mannadium"" monsters in your GY; shuffle them into the Deck. You can only use each effect of ""Mannadium Reframing"" once per turn.",,,,,,Counter,,Mannadium,,,,,,,,,https://ygoprodeck.com/card/mannadium-reframing-13655,Cyberstorm Access,CYAC-EN073,Common,(C),0,,,18158393,https://images.ygoprodeck.com/images/cards/18158393.jpg,https://images.ygoprodeck.com/images/cards_small/18158393.jpg,https://images.ygoprodeck.com/images/cards_cropped/18158393.jpg,0.17,0.14,0.0,0.0,0.25
55,71277255,Mannadium Riumheart,Effect Monster,effect,"During the Main Phase, if this card is in your hand (Quick Effect): You can target 1 ""Mannadium"" monster you control or 1 monster you control with 1500 ATK/2100 DEF; destroy it, and if you do, Special Summon this card. If this card is Normal or Special Summoned: You can add 1 ""Mannadium"" card from your Deck to your hand, except ""Mannadium Riumheart"". You can only use each effect of ""Mannadium Riumheart"" once per turn.",,,1500.0,2100.0,4.0,Warrior,LIGHT,Mannadium,,,,,,,,,https://ygoprodeck.com/card/mannadium-riumheart-13656,Cyberstorm Access,CYAC-EN012,Ultra Rare,(UR),0,,,71277255,https://images.ygoprodeck.com/images/cards/71277255.jpg,https://images.ygoprodeck.com/images/cards_small/71277255.jpg,https://images.ygoprodeck.com/images/cards_cropped/71277255.jpg,3.26,2.81,0.0,0.0,7.99
56,57736667,Mikanko Dance - Mayowashidori,Spell Card,spell,"The equipped monster cannot be destroyed by card effects. You can only use each of the following effects of ""Mikanko Dance - Mayowashidori"" once per turn. At the end of the Damage Step, if your ""Mikanko"" monster battled: You can target 1 card on the field; return it to the hand. If this card is in your GY: You can target 1 ""Mikanko"" monster in your GY; Special Summon it, and if you do, equip it with this card, but banish it when it leaves the field.",,,,,,Equip,,Mikanko,,,,,,,,,https://ygoprodeck.com/card/mikanko-dance-mayowashidori-13660,Cyberstorm Access,CYAC-EN062,Common,(C),0,,,57736667,https://images.ygoprodeck.com/images/cards/57736667.jpg,https://images.ygoprodeck.com/images/cards_small/57736667.jpg,https://images.ygoprodeck.com/images/cards_cropped/57736667.jpg,0.05,0.09,0.99,0.0,0.25
57,66736715,"Moissa Knight, the Comet General",Pendulum Effect Monster,effect_pendulum,"[ Pendulum Effect ] \nIf you Pendulum Summon a monster(s): Place this card on either the top or bottom of the Deck.\n[ Monster Effect ] \nWhen you draw this card: You can reveal it; during your Main Phase this turn, you can conduct 1 Pendulum Summon of a monster(s) from your hand in addition to your Pendulum Summon. (You can only gain this effect once per turn.)",If you Pendulum Summon a monster(s): Place this card on either the top or bottom of the Deck.,"When you draw this card: You can reveal it; during your Main Phase this turn, you can conduct 1 Pendulum Summon of a monster(s) from your hand in addition to your Pendulum Summon. (You can only gain this effect once per turn.)",100.0,100.0,1.0,Warrior,LIGHT,,,,,,,,,11.0,https://ygoprodeck.com/card/moissa-knight-the-comet-general-13910,Cyberstorm Access,CYAC-EN081,Common,(C),0,,,66736715,https://images.ygoprodeck.com/images/cards/66736715.jpg,https://images.ygoprodeck.com/images/cards_small/66736715.jpg,https://images.ygoprodeck.com/images/cards_cropped/66736715.jpg,0.03,0.07,0.99,0.0,0.25
58,43944080,Nemleria Dream Defender - Couette,Effect Monster,effect,"If you have a face-up Pendulum Monster in your Extra Deck, you can Special Summon this card (from your hand). You can only Special Summon ""Nemleria Dream Defender - Couette"" once per turn this way. When your opponent activates a card or effect that targets a ""Nemleria"" card(s) you control, while you have ""Dreaming Nemleria"" face-up in your Extra Deck (Quick Effect): You can banish 1 face-down card from your Extra Deck, face-down; negate that activation. You can only use this effect of ""Nemleria Dream Defender - Couette"" once per turn.",,,2000.0,2500.0,10.0,Beast,LIGHT,Nemurelia,,,,,,,,,https://ygoprodeck.com/card/nemleria-dream-defender-couette-13683,Cyberstorm Access,CYAC-EN017,Common,(C),0,,,43944080,https://images.ygoprodeck.com/images/cards/43944080.jpg,https://images.ygoprodeck.com/images/cards_small/43944080.jpg,https://images.ygoprodeck.com/images/cards_cropped/43944080.jpg,0.09,0.08,0.0,0.0,0.25
59,17550376,Nemleria Dream Defender - Oreiller,Effect Monster,effect,"If you have a face-up Pendulum Monster in your Extra Deck, you can Special Summon this card (from your hand). You can only Special Summon ""Nemleria Dream Defender - Oreiller"" once per turn this way. If you have ""Dreaming Nemleria"" face-up in your Extra Deck (Quick Effect): You can banish 1 face-down card from your Extra Deck, face-down; this card gains 500 ATK for each monster your opponent currently controls, until the end of this turn. You can only use this effect of ""Nemleria Dream Defender - Oreiller"" once per turn.",,,2500.0,2000.0,10.0,Beast,LIGHT,Nemurelia,,,,,,,,,https://ygoprodeck.com/card/nemleria-dream-defender-oreiller-13684,Cyberstorm Access,CYAC-EN016,Common,(C),0,,,17550376,https://images.ygoprodeck.com/images/cards/17550376.jpg,https://images.ygoprodeck.com/images/cards_small/17550376.jpg,https://images.ygoprodeck.com/images/cards_cropped/17550376.jpg,0.06,0.07,0.0,0.0,0.25
60,56787189,New Frontier,Spell Card,spell,"If your opponent Special Summons a Ritual, Fusion, Synchro, Xyz, and/or Link Monster(s) (except during the Damage Step): You can activate 1 of these effects;\r\n● Add 1 ""Fallen of Albaz"", or 1 monster that mentions it, from your Deck to your hand.\r\n● Special Summon 1 ""Fallen of Albaz"", or 1 monster that mentions it, from your hand.\r\nYou can only use each effect of ""New Frontier"" once per turn.",,,,,,Field,,,,,,,,,,,https://ygoprodeck.com/card/new-frontier-13712,Cyberstorm Access,CYAC-EN054,Common,(C),0,,,56787189,https://images.ygoprodeck.com/images/cards/56787189.jpg,https://images.ygoprodeck.com/images/cards_small/56787189.jpg,https://images.ygoprodeck.com/images/cards_cropped/56787189.jpg,0.13,0.08,0.99,0.0,0.25
61,20994205,Numbers Eveil,Spell Card,spell,"If your opponent controls a monster(s) Special Summoned from the Extra Deck and you do not: Choose 4 ""Number"" Xyz Monsters from your Extra Deck with different Ranks, plus a 5th ""Number"" Xyz Monster whose ""Number"" value in its name equals the combined ""Number"" values of the 4 other monsters, Special Summon that 5th ""Number"" monster (this is treated as an Xyz Summon), and attach the 4 chosen monsters to it as material, but you cannot Special Summon monsters, except ""Number"" Xyz Monsters, while you control that face-up monster.",,,,,,Normal,,Number,,,,,,,,,https://ygoprodeck.com/card/numbers-eveil-12952,Cyberstorm Access,CYAC-EN000,Ultra Rare,(UR),0,,,20994205,https://images.ygoprodeck.com/images/cards/20994205.jpg,https://images.ygoprodeck.com/images/cards_small/20994205.jpg,https://images.ygoprodeck.com/images/cards_cropped/20994205.jpg,0.31,0.25,1.43,0.0,2.99
62,82460246,Peaceful Planet Calarium,Spell Card,spell,"When this card is activated: You can add 1 ""Mannadium"" monster or 1 ""Visas Starfrost"" from the Deck to your hand. LIGHT monsters you control gain 100 ATK for each Tuner you control and in your GY. If a face-up Tuner(s) you control is destroyed by battle or card effect: You can target 1 of those monsters; Special Summon it. You can only use this effect of ""Peaceful Planet Calarium"" once per turn. You can only activate 1 ""Peaceful Planet Calarium"" per turn.",,,,,,Field,,Broken World,,,,,,,,,https://ygoprodeck.com/card/peaceful-planet-calarium-13657,Cyberstorm Access,CYAC-EN058,Secret Rare,(ScR),0,,,82460246,https://images.ygoprodeck.com/images/cards/82460246.jpg,https://images.ygoprodeck.com/images/cards_small/82460246.jpg,https://images.ygoprodeck.com/images/cards_cropped/82460246.jpg,1.94,0.21,0.0,0.0,39.99
63,65914127,Pendulum Pendant,Spell Card,spell,"Banish 5 face-up Pendulum Monsters from your Extra Deck; place 1 Pendulum Monster from your Deck or face-up Extra Deck in your Pendulum Zone. You can banish this card from your GY, then target 1 card in any Pendulum Zone; reduce its Pendulum Scale by 1 (min. 0). You can only activate 1 ""Pendulum Pendant"" per turn.",,,,,,Normal,,Pendulum,,,,,,,,,https://ygoprodeck.com/card/pendulum-pendant-13911,Cyberstorm Access,CYAC-EN084,Common,(C),0,,,65914127,https://images.ygoprodeck.com/images/cards/65914127.jpg,https://images.ygoprodeck.com/images/cards_small/65914127.jpg,https://images.ygoprodeck.com/images/cards_cropped/65914127.jpg,0.03,0.03,0.99,0.0,0.49
64,66150724,PenduLuMoon,Pendulum Effect Monster,effect_pendulum,"[ Pendulum Effect ] \nDuring your Main Phase: You can add 1 face-up ""Pendulum"" Pendulum Monster from your Extra Deck to your hand, then destroy this card. You can only use this effect of ""PenduLuMoon"" once per turn.\n[ Monster Effect ] \nDuring your Main Phase: You can add up to 2 face-up Pendulum Monsters from your Extra Deck to your hand, with Levels between the Pendulum Scales of the 2 cards in your Pendulum Zones, also for the rest of this turn, until you Pendulum Summon, you cannot activate monster effects, and the effects of any cards in your Pendulum Zones are negated. You can only use this effect of ""PenduLuMoon"" once per turn.","During your Main Phase: You can add 1 face-up ""Pendulum"" Pendulum Monster from your Extra Deck to your hand, then destroy this card. You can only use this effect of ""PenduLuMoon"" once per turn.","During your Main Phase: You can add up to 2 face-up Pendulum Monsters from your Extra Deck to your hand, with Levels between the Pendulum Scales of the 2 cards in your Pendulum Zones, also for the rest of this turn, until you Pendulum Summon, you cannot activate monster effects, and the effects of any cards in your Pendulum Zones are negated. You can only use this effect of ""PenduLuMoon"" once per turn.",200.0,700.0,1.0,Spellcaster,LIGHT,Pendulum,,,,,,,,0.0,https://ygoprodeck.com/card/pendulumoon-13716,Cyberstorm Access,CYAC-EN030,Common,(C),0,,,66150724,https://images.ygoprodeck.com/images/cards/66150724.jpg,https://images.ygoprodeck.com/images/cards_small/66150724.jpg,https://images.ygoprodeck.com/images/cards_cropped/66150724.jpg,0.09,0.07,0.99,0.0,0.49
65,46497537,Pig Iron vs. Pen Peg,Spell Card,spell,"Target 1 face-up monster on the field; if that monster's ATK, DEF, or Level is higher than its original value, it becomes its original value, then pay LP in multiples of 100 (min. 100, max. 1000). During your Main Phase, if both players have the same LP and this card is in your GY: You can Set this card. You can only use this effect of ""Pig Iron vs. Pen Peg"" once per turn.",,,,,,Quick-Play,,,,,,,,,,,https://ygoprodeck.com/card/pig-iron-vs-pen-peg-13718,Cyberstorm Access,CYAC-EN068,Common,(C),0,,,46497537,https://images.ygoprodeck.com/images/cards/46497537.jpg,https://images.ygoprodeck.com/images/cards_small/46497537.jpg,https://images.ygoprodeck.com/images/cards_cropped/46497537.jpg,0.02,0.02,0.0,0.0,0.49
66,58036229,Protectcode Talker,Link Monster,link,"2+ Effect Monsters\r\nYour opponent cannot target Link-4 or higher monsters you control with card effects, also they cannot be destroyed by battle. If you control a ""Firewall"" Link Monster (Quick Effect): You can banish Link Monsters from your GY whose combined Link Ratings equal exactly 3; Special Summon this card from your GY, but banish it when it leaves the field. You can only use this effect of ""Protectcode Talker"" once per turn.",,,2300.0,,,Cyberse,DARK,Code Talker,3.0,Left,Right,Top,,,,,https://ygoprodeck.com/card/protectcode-talker-13605,Cyberstorm Access,CYAC-EN048,Super Rare,(SR),0,,,58036229,https://images.ygoprodeck.com/images/cards/58036229.jpg,https://images.ygoprodeck.com/images/cards_small/58036229.jpg,https://images.ygoprodeck.com/images/cards_cropped/58036229.jpg,0.23,0.27,0.99,0.0,0.49
67,21347668,Purrely Sleepy Memory,Spell Card,spell,"The next battle or effect damage you take this turn will become 0. You can also immediately apply the following effect.\r\n● Discard 1 card, and if you do, Special Summon 1 Level 1 ""Purrely"" monster from your Deck.\r\nA ""Purrely"" Xyz Monster that has this card as material gains the following effect.\r\n● Once per turn, during your opponent's Standby Phase: You can draw 1 card.",,,,,,Quick-Play,,Purrely,,,,,,,,,https://ygoprodeck.com/card/purrely-sleepy-memory-13661,Cyberstorm Access,CYAC-EN061,Common,(C),0,Semi-Limited,Limited,21347668,https://images.ygoprodeck.com/images/cards/21347668.jpg,https://images.ygoprodeck.com/images/cards_small/21347668.jpg,https://images.ygoprodeck.com/images/cards_cropped/21347668.jpg,0.14,0.15,0.0,0.0,0.25
68,79933029,Purrelyly,Effect Monster,effect,"If this card is Normal or Special Summoned: You can add 1 ""Purrely"" card from your Deck to your hand, except a Quick-Play Spell. You can target 1 ""Purrely"" Quick-Play Spell in your GY; Special Summon 1 Xyz Monster from your Extra Deck that mentions that card, by using this card you control as material, and if you do, attach that Spell to the Summoned monster. (This is treated as an Xyz Summon.) You can only use each effect of ""Purrelyly"" once per turn.",,,100.0,100.0,1.0,Fairy,DARK,Purrely,,,,,,,,,https://ygoprodeck.com/card/purrelyly-13659,Cyberstorm Access,CYAC-EN018,Common,(C),0,,,79933029,https://images.ygoprodeck.com/images/cards/79933029.jpg,https://images.ygoprodeck.com/images/cards_small/79933029.jpg,https://images.ygoprodeck.com/images/cards_cropped/79933029.jpg,0.15,0.17,0.0,0.0,0.25
69,83888009,Rebirth of the Seventh Emperors,Trap Card,trap,"Tribute all Xyz Monsters you control, then target 1 of your banished Xyz Monsters; Special Summon it, then you can attach your ""Number"" Xyz Monsters that are banished and/or in your GY to it as material, that have a number between ""101"" and ""107"" in their name, up to the number of monsters Tributed to activate this effect +1. During the End Phase of the turn you activated this card, each player takes 300 damage for each card in their hand.",,,,,,Normal,,Seventh,,,,,,,,,https://ygoprodeck.com/card/rebirth-of-the-seventh-emperors-12953,Cyberstorm Access,CYAC-EN099,Super Rare,(SR),0,,,83888009,https://images.ygoprodeck.com/images/cards/83888009.jpg,https://images.ygoprodeck.com/images/cards_small/83888009.jpg,https://images.ygoprodeck.com/images/cards_cropped/83888009.jpg,0.1,0.1,0.99,1.95,0.79
70,57499304,Reincarnation of the Seventh Emperors,Trap Card,trap,"During damage calculation, if your ""Number"" Xyz Monster that has a number between ""101"" and ""107"" in its name, or your Xyz Monster that has any such monsters as material, battles: Banish that monster you control (also banish its materials). During the End Phase of the turn you activated this card, Special Summon 1 Rank 3 or lower Xyz Monster from your Extra Deck, except a ""Number"" monster, and if you do, inflict damage to your opponent equal to its original ATK.",,,,,,Normal,,Seventh,,,,,,,,,https://ygoprodeck.com/card/reincarnation-of-the-seventh-emperors-12954,Cyberstorm Access,CYAC-EN098,Super Rare,(SR),0,,,57499304,https://images.ygoprodeck.com/images/cards/57499304.jpg,https://images.ygoprodeck.com/images/cards_small/57499304.jpg,https://images.ygoprodeck.com/images/cards_cropped/57499304.jpg,0.12,0.11,0.99,1.95,0.49
71,71948047,REINFORCE!,Trap Card,trap,"(This card is always treated as a ""Rescue-ACE"" card.)\r\nTarget 1 ""Rescue-ACE"" monster you control; for the rest of this turn, that monster you control gains 1500 ATK/DEF, is unaffected by your opponent's monster effects, and the next time it would be destroyed by battle, it is not destroyed. You can banish this card from your GY, then target 1 ""Rescue-ACE"" Spell in your GY; Set that card. You can only use this effect of ""REINFORCE!"" once per turn.",,,,,,Normal,,Rescue-ACE,,,,,,,,,https://ygoprodeck.com/card/reinforce-13662,Cyberstorm Access,CYAC-EN075,Common,(C),0,,,71948047,https://images.ygoprodeck.com/images/cards/71948047.jpg,https://images.ygoprodeck.com/images/cards_small/71948047.jpg,https://images.ygoprodeck.com/images/cards_cropped/71948047.jpg,0.04,0.05,0.0,0.0,0.25
72,30765615,"Ringowurm, the Dragon Guarding the Hundred Apples",Tuner Monster,effect,"If a face-up non-Effect Monster is on the field: You can Special Summon this card from your hand. During your Main Phase, if you Synchro Summoned this turn: You can banish this card from your GY; Special Summon 1 ""Hundred Apples Token"" (Wyrm/LIGHT/Level 2/ATK 100/DEF 100). The player who Summoned it can treat it as a Tuner for a Synchro Summon. You can only use each effect of ""Ringowurm, the Dragon Guarding the Hundred Apples"" once per turn.",,,100.0,1100.0,2.0,Dragon,LIGHT,,,,,,,,,,https://ygoprodeck.com/card/ringowurm-the-dragon-guarding-the-hundred-apples-13717,Cyberstorm Access,CYAC-EN029,Ultra Rare,(UR),0,,,30765615,https://images.ygoprodeck.com/images/cards/30765615.jpg,https://images.ygoprodeck.com/images/cards_small/30765615.jpg,https://images.ygoprodeck.com/images/cards_cropped/30765615.jpg,3.95,4.21,0.0,0.0,9.99
73,20515672,S-Force Nightchaser,Link Monster,link,"1 non-Link ""S-Force"" monster\r\nEach of your opponent's monsters in the same column as one of your ""S-Force"" monsters cannot target the monsters in its same column for attacks. During the Main Phase (Quick Effect): You can target 1 ""S-Force"" monster you control; shuffle it into the Deck, then you can Special Summon 1 of your banished ""S-Force"" monsters. You can only use this effect of ""S-Force Nightchaser"" once per turn.",,,800.0,,,Cyberse,DARK,S-Force,1.0,Bottom,,,,,,,https://ygoprodeck.com/card/s-force-nightchaser-13704,Cyberstorm Access,CYAC-EN050,Super Rare,(SR),0,,,20515672,https://images.ygoprodeck.com/images/cards/20515672.jpg,https://images.ygoprodeck.com/images/cards_small/20515672.jpg,https://images.ygoprodeck.com/images/cards_cropped/20515672.jpg,0.08,0.13,0.0,0.0,0.79
74,56510115,Solfachord Symphony,Spell Card,spell,"Apply these effects, in sequence, based on the number of face-up ""Solfachord"" Pendulum Monsters with different names in your Extra Deck.\r\n● 3+: ""Solfachord"" Pendulum Monsters you control gain ATK equal to their own Pendulum Scale x 300 this turn.\r\n● 5+: You can destroy 1 card your opponent controls, then if you have an odd Pendulum Scale in your Pendulum Zone, draw 1 card.\r\n● 7+: You can Special Summon 1 ""GranSolfachord"" monster from your Extra Deck.\r\nYou can only activate 1 ""Solfachord Symphony"" per turn.",,,,,,Quick-Play,,Solfachord,,,,,,,,,https://ygoprodeck.com/card/solfachord-symphony-13664,Cyberstorm Access,CYAC-EN065,Common,(C),0,,,56510115,https://images.ygoprodeck.com/images/cards/56510115.jpg,https://images.ygoprodeck.com/images/cards_small/56510115.jpg,https://images.ygoprodeck.com/images/cards_cropped/56510115.jpg,0.1,0.1,0.0,0.0,0.49
75,64193046,Superheavy Samurai Brave Masurawo,Synchro Monster,synchro,"1 Tuner + 1+ non-Tuner monsters\r\nThis card can attack while in face-up Defense Position. If it does, apply its DEF for damage calculation. If a ""Superheavy Samurai"" monster(s) you control would be destroyed by battle or card effect, you can destroy 1 ""Superheavy Samurai"" card you control instead. Once per turn, if your opponent activates a Spell/Trap Card or effect (except during the Damage Step): You can draw until you have 3 cards in your hand.",,,2100.0,4000.0,12.0,Machine,EARTH,Superheavy Samurai,,,,,,,,,https://ygoprodeck.com/card/superheavy-samurai-brave-masurawo-13643,Cyberstorm Access,CYAC-EN039,Ultra Rare,(UR),0,,,64193046,https://images.ygoprodeck.com/images/cards/64193046.jpg,https://images.ygoprodeck.com/images/cards_small/64193046.jpg,https://images.ygoprodeck.com/images/cards_cropped/64193046.jpg,0.52,0.85,0.0,0.0,4.99
76,90587641,Superheavy Samurai Commander Shanawo,Synchro Pendulum Effect Monster,synchro_pendulum,"[ Pendulum Effect ] \nWhen an opponent's monster declares an attack: You can Special Summon this card, then if you have no Spells/Traps in your GY, change that opponent's monster's ATK to 0, also negate its effects. You can only use this effect of ""Superheavy Samurai Commander Shanawo"" once per turn.\n[ Monster Effect ] \n1 Tuner + 1+ non-Tuner monsters\r\nThis card can attack while in face-up Defense Position. If it does, apply its DEF for damage calculation. Once per turn, during the Battle Phase, if you control this Synchro Summoned card (Quick Effect): You can Special Summon 1 ""Superheavy Samurai"" Monster Card from your GY or face-up Spell & Trap Zone, then you can place this card in your Pendulum Zone.","When an opponent's monster declares an attack: You can Special Summon this card, then if you have no Spells/Traps in your GY, change that opponent's monster's ATK to 0, also negate its effects. You can only use this effect of ""Superheavy Samurai Commander Shanawo"" once per turn.","1 Tuner + 1+ non-Tuner monsters\r\nThis card can attack while in face-up Defense Position. If it does, apply its DEF for damage calculation. Once per turn, during the Battle Phase, if you control this Synchro Summoned card (Quick Effect): You can Special Summon 1 ""Superheavy Samurai"" Monster Card from your GY or face-up Spell & Trap Zone, then you can place this card in your Pendulum Zone.",2000.0,2500.0,8.0,Machine,DARK,Superheavy Samurai,,,,,,,,1.0,https://ygoprodeck.com/card/superheavy-samurai-commander-shanawo-13641,Cyberstorm Access,CYAC-EN040,Super Rare,(SR),0,,,90587641,https://images.ygoprodeck.com/images/cards/90587641.jpg,https://images.ygoprodeck.com/images/cards_small/90587641.jpg,https://images.ygoprodeck.com/images/cards_cropped/90587641.jpg,0.12,0.1,0.0,0.0,0.99
77,19510093,Superheavy Samurai Monk Big Benkei,Pendulum Effect Monster,effect_pendulum,"[ Pendulum Effect ] \nIf you control a ""Superheavy Samurai"" monster: You can add 1 ""Superheavy Samurai Soul"" monster from your Deck to your hand. You can only use this effect of ""Superheavy Samurai Monk Big Benkei"" once per turn.\n[ Monster Effect ] \nIf you have no Spells/Traps in your GY: You can send 1 ""Superheavy Samurai Big Benkei"" from your hand or Deck to the GY, and if you do, Special Summon this card from your hand. If this card is used as Synchro Material and added to your Extra Deck face-up: You can place this card in your Pendulum Zone. You can only use each effect of ""Superheavy Samurai Monk Big Benkei"" once per turn.","If you control a ""Superheavy Samurai"" monster: You can add 1 ""Superheavy Samurai Soul"" monster from your Deck to your hand. You can only use this effect of ""Superheavy Samurai Monk Big Benkei"" once per turn.","If you have no Spells/Traps in your GY: You can send 1 ""Superheavy Samurai Big Benkei"" from your hand or Deck to the GY, and if you do, Special Summon this card from your hand. If this card is used as Synchro Material and added to your Extra Deck face-up: You can place this card in your Pendulum Zone. You can only use each effect of ""Superheavy Samurai Monk Big Benkei"" once per turn.",1000.0,3500.0,8.0,Machine,EARTH,Superheavy Samurai,,,,,,,,1.0,https://ygoprodeck.com/card/superheavy-samurai-monk-big-benkei-13644,Cyberstorm Access,CYAC-EN007,Common,(C),0,,,19510093,https://images.ygoprodeck.com/images/cards/19510093.jpg,https://images.ygoprodeck.com/images/cards_small/19510093.jpg,https://images.ygoprodeck.com/images/cards_cropped/19510093.jpg,0.08,0.13,0.0,0.0,0.39
78,83334932,Superheavy Samurai Motorbike,Tuner Monster,effect,"If you have no Spells/Traps in your GY: You can discard this card; add 1 ""Superheavy Samurai"" monster from your Deck to your hand, except ""Superheavy Samurai Motorbike"". You can only use this effect of ""Superheavy Samurai Motorbike"" once per turn. Once per turn: You can target 1 Machine monster you control; increase its Level by 2.",,,800.0,1200.0,2.0,Machine,EARTH,Superheavy Samurai,,,,,,,,,https://ygoprodeck.com/card/superheavy-samurai-motorbike-13640,Cyberstorm Access,CYAC-EN003,Common,(C),0,,,83334932,https://images.ygoprodeck.com/images/cards/83334932.jpg,https://images.ygoprodeck.com/images/cards_small/83334932.jpg,https://images.ygoprodeck.com/images/cards_cropped/83334932.jpg,0.06,0.16,0.0,0.0,0.39
79,82112494,Superheavy Samurai Prodigy Wakaushi,Pendulum Effect Monster,effect_pendulum,"[ Pendulum Effect ] \nIf you have no Spells/Traps in your GY: You can place 1 ""Superheavy Samurai"" Pendulum Monster from your Deck, except ""Superheavy Samurai Prodigy Wakaushi"", in your other Pendulum Zone, then Special Summon this card. You can only use this effect of ""Superheavy Samurai Prodigy Wakaushi"" once per turn.\n[ Monster Effect ] \nIf you have no Spells/Traps in your GY: You can discard 1 monster; Special Summon 1 ""Superheavy Samurai"" monster from your hand or Deck in Defense Position, also you cannot Special Summon monsters for the rest of this turn, except ""Superheavy Samurai"" monsters. If this card is used as Synchro Material and added to your Extra Deck face-up: You can place this card in your Pendulum Zone. You can only use each effect of ""Superheavy Samurai Prodigy Wakaushi"" once per turn.","If you have no Spells/Traps in your GY: You can place 1 ""Superheavy Samurai"" Pendulum Monster from your Deck, except ""Superheavy Samurai Prodigy Wakaushi"", in your other Pendulum Zone, then Special Summon this card. You can only use this effect of ""Superheavy Samurai Prodigy Wakaushi"" once per turn.","If you have no Spells/Traps in your GY: You can discard 1 monster; Special Summon 1 ""Superheavy Samurai"" monster from your hand or Deck in Defense Position, also you cannot Special Summon monsters for the rest of this turn, except ""Superheavy Samurai"" monsters. If this card is used as Synchro Material and added to your Extra Deck face-up: You can place this card in your Pendulum Zone. You can only use each effect of ""Superheavy Samurai Prodigy Wakaushi"" once per turn.",1000.0,1500.0,4.0,Machine,DARK,Superheavy Samurai,,,,,,,,8.0,https://ygoprodeck.com/card/superheavy-samurai-prodigy-wakaushi-13645,Cyberstorm Access,CYAC-EN006,Super Rare,(SR),0,,,82112494,https://images.ygoprodeck.com/images/cards/82112494.jpg,https://images.ygoprodeck.com/images/cards_small/82112494.jpg,https://images.ygoprodeck.com/images/cards_cropped/82112494.jpg,3.03,1.32,0.0,0.0,7.99
80,56727340,Superheavy Samurai Soulgaia Booster,Effect Monster,effect,"You can target 1 ""Superheavy Samurai"" monster you control; equip this card from your hand or field to that monster you control. The equipped monster is treated as a Tuner. If you have no Spells/Traps in your GY and this card was equipped to a monster by this card's effect: You can Special Summon this equipped card. You can only use this effect of ""Superheavy Samurai Soulgaia Booster"" once per turn.",,,0.0,0.0,4.0,Machine,EARTH,Superheavy Samurai,,,,,,,,,https://ygoprodeck.com/card/superheavy-samurai-soulgaia-booster-13646,Cyberstorm Access,CYAC-EN005,Common,(C),0,,,56727340,https://images.ygoprodeck.com/images/cards/56727340.jpg,https://images.ygoprodeck.com/images/cards_small/56727340.jpg,https://images.ygoprodeck.com/images/cards_cropped/56727340.jpg,0.06,0.12,0.0,0.0,0.25
81,10333641,Superheavy Samurai Stealthy,Effect Monster,effect,"If you have no Spells/Traps in your GY, you can Special Summon this card (from your hand). You can only Special Summon ""Superheavy Samurai Stealthy"" once per turn this way. If you have no Spells/Traps in your GY (Quick Effect): You can Tribute this card, then target 1 Spell/Trap in your opponent's GY; Set it to your field, but banish it when it leaves the field. You can only use this effect of ""Superheavy Samurai Stealthy"" once per turn.",,,200.0,700.0,1.0,Machine,EARTH,Superheavy Samurai,,,,,,,,,https://ygoprodeck.com/card/superheavy-samurai-stealthy-13642,Cyberstorm Access,CYAC-EN004,Common,(C),0,,,10333641,https://images.ygoprodeck.com/images/cards/10333641.jpg,https://images.ygoprodeck.com/images/cards_small/10333641.jpg,https://images.ygoprodeck.com/images/cards_cropped/10333641.jpg,0.08,0.04,0.0,0.0,0.25
82,44843954,"Sweet Dreams, Nemleria",Spell Card,spell,"Add 1 ""Nemleria"" monster from your Deck to your hand, then, if you have a face-up ""Dreaming Nemleria"" in your Extra Deck, your opponent cannot activate cards or effects when a ""Nemleria"" monster(s) is Normal or Special Summoned this turn. You can place this card from your GY on the bottom of the Deck, then target 1 ""Dreaming Nemleria"" you control; add it to the Extra Deck face-up. You can only activate 1 ""Sweet Dreams, Nemleria"" per turn.",,,,,,Normal,,Nemurelia,,,,,,,,,https://ygoprodeck.com/card/sweet-dreams-nemleria-13685,Cyberstorm Access,CYAC-EN060,Common,(C),0,,,44843954,https://images.ygoprodeck.com/images/cards/44843954.jpg,https://images.ygoprodeck.com/images/cards_small/44843954.jpg,https://images.ygoprodeck.com/images/cards_cropped/44843954.jpg,0.06,0.12,0.0,0.0,0.25
83,83308376,Swordsoul Punishment,Spell Card,spell,"If you control a Synchro Monster: Target 1 card on the field or in either GY; banish it. If your opponent controls a Ritual, Fusion, Synchro, Xyz, or Link Monster: You can banish 1 Synchro Monster from your GY; add this card from the GY to your hand. You can only use each effect of ""Swordsoul Punishment"" once per turn.",,,,,,Normal,,Swordsoul,,,,,,,,,https://ygoprodeck.com/card/swordsoul-punishment-13698,Cyberstorm Access,CYAC-EN052,Common,(C),0,,,83308376,https://images.ygoprodeck.com/images/cards/83308376.jpg,https://images.ygoprodeck.com/images/cards_small/83308376.jpg,https://images.ygoprodeck.com/images/cards_cropped/83308376.jpg,0.08,0.1,0.0,0.0,0.25
84,42822433,Tellarknight Altairan,Effect Monster,effect,"(This card is always treated as a ""Constellar"" card.)\r\nIf this card is Summoned: You can target cards on the field, up to the number of LIGHT and DARK Xyz Monsters you control; destroy them. If a ""tellarknight"" or ""Constellar"" monster(s) is Special Summoned to your field, except ""Tellarknight Altairan"" (except during the Damage Step): You can Special Summon this card from your GY, also you cannot declare attacks for the rest of this turn, except with Xyz Monsters. You can only use each effect of ""Tellarknight Altairan"" once per turn.",,,1700.0,1300.0,4.0,Warrior,LIGHT,Constellar,,,,,,,,,https://ygoprodeck.com/card/tellarknight-altairan-13666,Cyberstorm Access,CYAC-EN020,Super Rare,(SR),0,,,42822433,https://images.ygoprodeck.com/images/cards/42822433.jpg,https://images.ygoprodeck.com/images/cards_small/42822433.jpg,https://images.ygoprodeck.com/images/cards_cropped/42822433.jpg,0.1,0.14,0.0,0.0,1.49
85,58858807,Tellarknight Constellar Caduceus,XYZ Monster,xyz,"2+ Level 4 monsters\r\nIf this card is Xyz Summoned: You can target 1 ""tellarknight"" and/or 1 ""Constellar"" card in your GY; add them to your hand. You can banish 1 ""tellarknight"" or 1 ""Constellar"" monster from your hand or Deck, and detach 1 material from this card; this effect becomes that banished monster's effect that activates when it is Normal Summoned. You can only use each effect of ""Tellarknight Constellar Caduceus"" once per turn.",,,2500.0,1650.0,4.0,Warrior,LIGHT,Constellar,,,,,,,,,https://ygoprodeck.com/card/tellarknight-constellar-caduceus-13668,Cyberstorm Access,CYAC-EN045,Ultra Rare,(UR),0,,,58858807,https://images.ygoprodeck.com/images/cards/58858807.jpg,https://images.ygoprodeck.com/images/cards_small/58858807.jpg,https://images.ygoprodeck.com/images/cards_cropped/58858807.jpg,0.3,0.38,1.94,0.0,2.99
86,79210531,Tellarknight Lyran,Effect Monster,effect,"(This card is always treated as a ""Constellar"" card.)\r\nIf a ""tellarknight"" or ""Constellar"" monster is Normal Summoned to your field, except ""Tellarknight Lyran"" (except during the Damage Step): You can Special Summon this card from your hand. If this card is Summoned: You can add 1 ""tellarknight"" Spell from your Deck to your hand. You can only use each effect of ""Tellarknight Lyran"" once per turn.",,,1200.0,1600.0,4.0,Warrior,LIGHT,Constellar,,,,,,,,,https://ygoprodeck.com/card/tellarknight-lyran-13669,Cyberstorm Access,CYAC-EN021,Super Rare,(SR),0,,,79210531,https://images.ygoprodeck.com/images/cards/79210531.jpg,https://images.ygoprodeck.com/images/cards_small/79210531.jpg,https://images.ygoprodeck.com/images/cards_cropped/79210531.jpg,0.16,0.14,0.0,0.0,1.49
87,45005708,The Bystial Aluber,Tuner Monster,effect,"This card's name becomes ""Fallen of Albaz"" while on the field or in the GY. If this card is Normal or Special Summoned: You can discard 1 card, then target 1 Dragon monster your opponent controls or in their GY, and activate the appropriate effect;\r\n● Send this card to the GY, and if you do, take control of that monster on the field until the End Phase.\r\n● Send this card to the GY, and if you do, Special Summon that monster from the GY to your field.\r\nYou can only use this effect of ""The Bystial Aluber"" once per turn.",,,1800.0,0.0,4.0,Dragon,DARK,Bystial,,,,,,,,,https://ygoprodeck.com/card/the-bystial-aluber-13708,Cyberstorm Access,CYAC-EN008,Super Rare,(SR),0,,,45005708,https://images.ygoprodeck.com/images/cards/45005708.jpg,https://images.ygoprodeck.com/images/cards_small/45005708.jpg,https://images.ygoprodeck.com/images/cards_cropped/45005708.jpg,1.62,0.33,0.99,0.0,0.49
88,19403423,Time-Tearing Morganite,Spell Card,spell,"For the rest of this Duel, apply the following effects.\r\n● You cannot activate monster effects in the hand.\r\n● Draw 2 cards instead of 1 for your normal draw during your Draw Phase.\r\n● You can conduct 2 Normal Summons/Sets per turn, not just 1.\r\nYou can banish this card from your GY, then discard 1 ""Time-Tearing Morganite""; your opponent cannot activate monster effects when you Normal Summon this turn.",,,,,,Normal,,,,,,,,,,,https://ygoprodeck.com/card/time-tearing-morganite-13693,Cyberstorm Access,CYAC-EN067,Super Rare,(SR),0,,,19403423,https://images.ygoprodeck.com/images/cards/19403423.jpg,https://images.ygoprodeck.com/images/cards_small/19403423.jpg,https://images.ygoprodeck.com/images/cards_cropped/19403423.jpg,3.78,3.7,0.0,0.0,3.99
89,70825459,Trap Tracks,Trap Card,trap,"Target 1 monster you control; destroy it, and if you do, Set 1 Normal Trap directly from your Deck, except ""Trap Tracks"". It can be activated this turn. You can only activate 1 Trap Card for the rest of this turn after this card resolves. You can only activate 1 ""Trap Tracks"" per turn.",,,,,,Normal,,,,,,,,,,,https://ygoprodeck.com/card/trap-tracks-13710,Cyberstorm Access,CYAC-EN078,Common,(C),0,,,70825459,https://images.ygoprodeck.com/images/cards/70825459.jpg,https://images.ygoprodeck.com/images/cards_small/70825459.jpg,https://images.ygoprodeck.com/images/cards_cropped/70825459.jpg,0.07,0.1,0.0,0.0,0.49
90,10793085,Tri-Brigade Roar,Spell Card,spell,"If you control a Link Monster: Send 1 ""Tri-Brigade"" card from your Deck or Extra Deck to the GY, then target 1 Effect Monster on the field; apply the following effect based on the type of card sent to the GY.\r\n● Monster: Change the targeted monster's ATK to 0 until the end of this turn.\r\n● Spell: Negate that monster's effects until the end of this turn.\r\n● Trap: Return that monster to the hand.\r\nYou can only activate 1 ""Tri-Brigade Roar"" per turn.",,,,,,Quick-Play,,Tri-Brigade,,,,,,,,,https://ygoprodeck.com/card/tri-brigade-roar-13696,Cyberstorm Access,CYAC-EN053,Super Rare,(SR),0,,,10793085,https://images.ygoprodeck.com/images/cards/10793085.jpg,https://images.ygoprodeck.com/images/cards_small/10793085.jpg,https://images.ygoprodeck.com/images/cards_cropped/10793085.jpg,0.22,0.4,0.99,0.0,0.49
91,78098950,Tsumuha-Kutsunagi the Lord of Swords,Spirit Monster,effect,"Cannot be Special Summoned. You can Tribute Summon this card by Tributing 1 Normal Summoned/Set monster. If this card is Normal Summoned or flipped face-up: Activate this effect; your opponent can send any number of cards from their field to the GY, then each player draws the same number of cards as were sent to the GY by this effect. During the End Phase of the turn this effect was activated, shuffle all cards into the Deck from the field, the GYs, and that are banished. Once per turn, during the End Phase, if this card on the field was Normal Summoned or flipped face-up this turn: Return this card to the hand.",,,3000.0,3000.0,11.0,Warrior,WIND,,,,,,,,,,https://ygoprodeck.com/card/tsumuha-kutsunagi-the-lord-of-swords-13665,Cyberstorm Access,CYAC-EN024,Secret Rare,(ScR),0,,,78098950,https://images.ygoprodeck.com/images/cards/78098950.jpg,https://images.ygoprodeck.com/images/cards_small/78098950.jpg,https://images.ygoprodeck.com/images/cards_cropped/78098950.jpg,0.0,0.5,2.49,0.0,3.99
92,65815684,Vicious Astraloud,Fusion Monster,fusion,"""Visas Starfrost"" + 1 monster with 1500 ATK/2100 DEF\r\nMust be Special Summoned (from your Extra Deck) by banishing the above cards from your field and/or GY. Cannot be destroyed by battle. If this card is Special Summoned: You can target 1 other monster on the field; destroy it, and if you do, this card gains ATK equal to half of that monster's original ATK or DEF (whichever is higher).",,,3000.0,3000.0,8.0,Fairy,DARK,,,,,,,,,,https://ygoprodeck.com/card/vicious-astraloud-13648,Cyberstorm Access,CYAC-EN036,Secret Rare,(ScR),0,,,65815684,https://images.ygoprodeck.com/images/cards/65815684.jpg,https://images.ygoprodeck.com/images/cards_small/65815684.jpg,https://images.ygoprodeck.com/images/cards_cropped/65815684.jpg,7.36,5.81,0.0,0.0,19.99
93,95243515,Virtual World Tiger - Fufu,XYZ Monster,xyz,"2+ Level 9 monsters\r\nGains the following effects, based on the number of ""Virtual World Gate"" cards you control.\r\n● 2+: This card can attack directly.\r\n● 4: This card is unaffected by activated card effects, except ""Virtual World"" cards.\r\nOnce per turn (Quick Effect): You can detach 1 material from this card, then target 1 Effect Monster you control and 1 Effect Monster on the field with a different Type and Attribute from it; negate their effects until the end of this turn.",,,2600.0,2800.0,9.0,Wyrm,EARTH,Virtual World,,,,,,,,,https://ygoprodeck.com/card/virtual-world-tiger-fufu-13691,Cyberstorm Access,CYAC-EN046,Common,(C),0,,,95243515,https://images.ygoprodeck.com/images/cards/95243515.jpg,https://images.ygoprodeck.com/images/cards_small/95243515.jpg,https://images.ygoprodeck.com/images/cards_cropped/95243515.jpg,0.16,0.08,0.0,0.0,0.25
94,75311421,Votis,Effect Monster,effect,"When this card is Normal Summoned: You can excavate the top 3 cards of your Deck, and if you do, you can banish 1 excavated monster to add 1 monster with its same name to your hand, from either your Deck or the other excavated cards, also shuffle the rest into the Deck. Once per turn, during the End Phase, if this card is in your GY because it was sent there this turn after being Normal Summoned/Set: You can excavate the top 3 cards of your Deck, and if you do, place them on top of the Deck in any order.",,,1700.0,1900.0,4.0,Fiend,DARK,,,,,,,,,,https://ygoprodeck.com/card/votis-13135,Cyberstorm Access,CYAC-EN094,Super Rare,(SR),0,,,75311421,https://images.ygoprodeck.com/images/cards/75311421.jpg,https://images.ygoprodeck.com/images/cards_small/75311421.jpg,https://images.ygoprodeck.com/images/cards_cropped/75311421.jpg,0.05,0.09,0.99,0.0,0.49
95,3248469,Wannabee!,Effect Monster,effect,"During the End Phase: You can send this card from your hand or field to the GY; excavate cards from the top of your Deck, equal to the number of your opponent's unused Spell & Trap Zones, and you can Set 1 excavated Trap to your field (but send it to the GY during the next End Phase), also place the rest on the bottom of the Deck in any order. You can only use this effect of ""Wannabee!"" once per turn.",,,0.0,0.0,2.0,Insect,LIGHT,,,,,,,,,,https://ygoprodeck.com/card/wannabee-13719,Cyberstorm Access,CYAC-EN031,Super Rare,(SR),0,,,3248469,https://images.ygoprodeck.com/images/cards/3248469.jpg,https://images.ygoprodeck.com/images/cards_small/3248469.jpg,https://images.ygoprodeck.com/images/cards_cropped/3248469.jpg,1.27,0.68,0.0,0.0,0.79
96,64583600,Wish Dragon,Effect Monster,effect,"You can Tribute this card; Special Summon 2 ""Dragon Tokens"" (Dragon/EARTH/Level 1/ATK 0/DEF 0), also you cannot Special Summon monsters from the Extra Deck for the rest of this turn, except Level 5 or higher Dragon monsters. You can only use this effect of ""Wish Dragon"" once per turn.",,,700.0,100.0,2.0,Dragon,LIGHT,,,,,,,,,,https://ygoprodeck.com/card/wish-dragon-13518,Cyberstorm Access,CYAC-EN093,Super Rare,(SR),0,,,64583600,https://images.ygoprodeck.com/images/cards/64583600.jpg,https://images.ygoprodeck.com/images/cards_small/64583600.jpg,https://images.ygoprodeck.com/images/cards_cropped/64583600.jpg,0.04,0.17,0.99,0.0,0.99
